Workbook

Sheet Ставки
A1: Ставки специалистов
A4: Роль | B4: Ставка, ₽/час | C4: Зона ответственности
A5: Аналитик / проектный менеджер | B5: 1800 | C5: Аудит страницы, сценарии, координация, отчётность
A6: Копирайтер | B6: 1800 | C6: Медицинский копирайтинг, тексты CTA, FAQ, дисклеймеры
A7: UX/UI-дизайнер | B7: 2000 | C7: Прототипы Figma, дизайн-макеты, подготовка графики
A8: Верстальщик | B8: 2500 | C8: Адаптивная вёрстка, кроссбраузерность, оптимизация
A9: Программист 1С-Битрикс | B9: 2500 | C9: Шаблоны, формы, интеграции, микроразметка, публикация
A10: QA-инженер | B10: 1800 | C10: Функциональное и кроссбраузерное тестирование, замеры

Sheet Смета
A1: Детальная смета: разработка посадочных страниц для A/B тестирования, MEDICINA.RU
A2: Тема: «Эндопротезирование суставов». 3 версии страницы (A / B / C), десктоп + мобайл.
A4: № | B4: Этап | C4: Состав работ | D4: Часы | E4: Роль | F4: Ставка, ₽/ч | G4: Стоимость, ₽ | H4: Срок, раб. дн. | I4: Веха
A5: 1 | B5: Аналитика и подготовка | C5: Аудит текущей страницы (структура, конверсионные узлы, PageSpeed Insights), разбор поисковых запросов по теме, фиксация сценариев A/B/C, согласование состава блоков с Заказчиком | D5: 8 | E5: Аналитик / проектный менеджер | F5: {=INDEX(Ставки!$B$5:$B$10,MATCH(E5,Ставки!$A$5:$A$10,0))} | G5: =D5*F5 | H5: =ROUNDUP(D5/8,0) | I5: I. Прототипы и тексты
A6: 2 | B6: Копирайтинг | C6: Тексты для 3 версий: заголовки, подзаголовки, описания блоков (процедура, показания, противопоказания, подготовка, реабилитация), тексты кнопок, дисклеймеры, примеры отзывов, FAQ. Тексты чек-листа для версии C | D6: 8 | E6: Копирайтер | F6: {=INDEX(Ставки!$B$5:$B$10,MATCH(E6,Ставки!$A$5:$A$10,0))} | G6: =D6*F6 | H6: =ROUNDUP(D6/8,0) | I6: I. Прототипы и тексты
A7: 3 | B7: Дизайн прототипов (UX) | C7: 6 интерактивных прототипов в Figma (3 версии × десктоп/мобайл): структура, сетка, состояния CTA, формы, связи между экранами. Комментарии с примерами JSON-LD по каждому типу микроразметки. 2 раунда правок | D7: 8 | E7: UX/UI-дизайнер | F7: {=INDEX(Ставки!$B$5:$B$10,MATCH(E7,Ставки!$A$5:$A$10,0))} | G7: =D7*F7 | H7: =ROUNDUP(D7/8,0) | I7: I. Прототипы и тексты
A8: 4 | B8: Дизайн-макеты (UI) | C8: Отрисовка в фирменном стиле medicina.ru, десктоп и мобайл, подготовка и оптимизация графики (все изображения менее 500 КБ согласно Приложению 1) | D8: 8 | E8: UX/UI-дизайнер | F8: {=INDEX(Ставки!$B$5:$B$10,MATCH(E8,Ставки!$A$5:$A$10,0))} | G8: =D8*F8 | H8: =ROUNDUP(D8/8,0) | I8: II. Дизайн и разработка
A9: 5 | B9: Вёрстка | C9: Адаптивная семантическая вёрстка 3 страниц, кроссбраузерность, «ленивая» загрузка изображений, устранение критических ошибок W3C, оптимизация под PageSpeed Insights | D9: 16 | E9: Верстальщик | F9: {=INDEX(Ставки!$B$5:$B$10,MATCH(E9,Ставки!$A$5:$A$10,0))} | G9: =D9*F9 | H9: =ROUNDUP(D9/8,0) | I9: II. Дизайн и разработка
A10: 6 | B10: Backend (1С-Битрикс) | C10: Шаблоны страниц, вывод контента из инфоблоков через ResizeImageGet, формы записи и подписки с валидацией и согласием на обработку ПДн (152-ФЗ), передача заявок в МИС/CRM, отдача файла чек-листа для версии C, настройка кеширования и композита | D10: 32 | E10: Программист 1С-Битрикс | F10: {=INDEX(Ставки!$B$5:$B$10,MATCH(E10,Ставки!$A$5:$A$10,0))} | G10: =D10*F10 | H10: =ROUNDUP(D10/8,0) | I10: II. Дизайн и разработка
A11: 7 | B11: Внедрение микроразметки | C11: JSON-LD: MedicalOrganization, MedicalWebPage / MedicalProcedure, BreadcrumbList, а также FAQPage и Physician сверх минимальных требований. Валидация в Schema Markup Validator и Яндекс.Вебмастере | D11: 8 | E11: Программист 1С-Битрикс | F11: {=INDEX(Ставки!$B$5:$B$10,MATCH(E11,Ставки!$A$5:$A$10,0))} | G11: =D11*F11 | H11: =ROUNDUP(D11/8,0) | I11: II. Дизайн и разработка
A12: 8 | B12: Размещение и настройка A/B-теста | C12: Публикация на боевом сайте через GitHub-репозиторий Заказчика, распределение трафика 33/33/33, настройка целей в Яндекс.Метрике (звонок, отправка формы, скачивание чек-листа), карта кликов, коллтрекинг | D12: 8 | E12: Программист 1С-Битрикс | F12: {=INDEX(Ставки!$B$5:$B$10,MATCH(E12,Ставки!$A$5:$A$10,0))} | G12: =D12*F12 | H12: =ROUNDUP(D12/8,0) | I12: III. Запуск и аналитика
A13: 9 | B13: Тестирование и приёмка | C13: Функциональное и кроссбраузерное тестирование, проверка форм и доставки заявок, замеры PageSpeed Insights по всем трём версиям, проверка на тестовом контуре до выкатки в публичную часть | D13: 8 | E13: QA-инженер | F13: {=INDEX(Ставки!$B$5:$B$10,MATCH(E13,Ставки!$A$5:$A$10,0))} | G13: =D13*F13 | H13: =ROUNDUP(D13/8,0) | I13: III. Запуск и аналитика
A14: 10 | B14: Сопровождение теста и отчёт | C14: Мониторинг в течение 4 недель, промежуточный срез на 2-й неделе, финальный отчёт с рекомендацией по версии-победителю и оценкой статистической значимости результата | D14: 12 | E14: Аналитик / проектный менеджер | F14: {=INDEX(Ставки!$B$5:$B$10,MATCH(E14,Ставки!$A$5:$A$10,0))} | G14: =D14*F14 | H14: 20 | I14: III. Запуск и аналитика
B15: ИТОГО(БЕЗ НДС) | D15: =SUM(D5:D14) | G15: =SUM(G5:G14) | H15: 15 раб. дн. до запуска + 4 нед. Мониторинга
F16: НДС | G16: 0.22
F17: Итого с НДС(22%) | G17: =G15+(G15*G16)

Sheet Резюме сметы
A1: Резюме сметы
A3: Веха | B3: Этапы | C3: Часы | D3: Стоимость, ₽ | E3: Доля | F3: Результат для Заказчика
A4: I. Прототипы и тексты | B4: 1–3 | C4: =SUMIF(Смета!$I$5:$I$14,A4,Смета!$D$5:$D$14) | D4: =SUMIF(Смета!$I$5:$I$14,A4,Смета!$G$5:$G$14) | E4: =IFERROR(D4/$D$7,0) | F4: 6 прототипов в Figma с полными текстами и примерами JSON-LD в комментариях. Самодостаточный результат: Заказчик может остановиться на этой вехе
A5: II. Дизайн и разработка | B5: 4–7 | C5: =SUMIF(Смета!$I$5:$I$14,A5,Смета!$D$5:$D$14) | D5: =SUMIF(Смета!$I$5:$I$14,A5,Смета!$G$5:$G$14) | E5: =IFERROR(D5/$D$7,0) | F5: Готовые к публикации страницы: дизайн-макеты, адаптивная вёрстка, реализация на 1С-Битрикс, внедрённая микроразметка
A6: III. Запуск и аналитика | B6: 8–10 | C6: =SUMIF(Смета!$I$5:$I$14,A6,Смета!$D$5:$D$14) | D6: =SUMIF(Смета!$I$5:$I$14,A6,Смета!$G$5:$G$14) | E6: =IFERROR(D6/$D$7,0) | F6: Запущенный A/B-тест с настроенными целями, отчёт с рекомендацией по версии-победителю
A7: ИТОГО | C7: =SUM(C4:C6) | D7: =SUM(D4:D6) | E7: =IFERROR(D7/D7,0)
C8: НДС | D8: 0.22
C9: Итого с НДС(22%) | D9: =D7+(D7*D8)

Sheet Версии A-B-C
A1: Сценарии альтернативных версий и состав микроразметки
A3: Версия | B3: Основная цель CTA | C3: Особенности реализации | D3: Ключевые элементы страницы
A4: A | B4: Получение информации и разъяснений | C4: Мотивировать пользователя позвонить для консультации по процедуре, условиям и подготовке, но не для получения медицинских рекомендаций. Явные дисклеймеры о запрете консультаций по телефону | D4: Телефон как основной CTA, блок «О чём можно спросить по телефону», дисклеймер о недопустимости дистанционных медицинских рекомендаций, часы работы колл-центра
A5: B | B5: Прямая запись на приём к врачу | C5: Форма или кнопка для записи на консультацию либо операцию. Акцент на профессионализме врачей, опыте клиники, наличии ОМС | D5: Форма записи в первом экране, блок врачей с квалификацией, блок «Условия по ОМС», перечень документов для записи, отзывы пациентов
A6: C | B6: Получение информационного материала | C6: Бесплатный чек-лист «Как подготовиться к эндопротезированию», форма для email, акцент на ценности подготовки и снижении тревожности | D6: Лид-магнит с превью чек-листа, форма email с согласием на обработку персональных данных, блок «Что внутри чек-листа», мягкий вторичный CTA на запись
A9: Микроразметка (JSON-LD)
A10: Тип разметки | B10: Статус | C10: Что описывает и где размещается
A11: MedicalOrganization | B11: Обязательно по ТЗ | C11: Данные клиники: название, адрес, телефон, лицензия, часы работы. Размещается на всех трёх версиях
A12: MedicalWebPage / MedicalProcedure | B12: Обязательно по ТЗ | C12: Тип страницы и описание процедуры эндопротезирования: показания, противопоказания, подготовка, реабилитация
A13: BreadcrumbList | B13: Обязательно по ТЗ | C13: Хлебные крошки: Главная → Диагностика и лечение → Эндопротезирование
A14: FAQPage | B14: Сверх требований | C14: Блок частых вопросов присутствует во всех трёх версиях - даёт расширенный сниппет в выдаче
A15: Physician | B15: Сверх требований | C15: Блок врачей: специализация, стаж, учёная степень. Наиболее значим для версии B

Sheet Допущения
A1: Допущения и границы работ
A3: Допущения
A4: 1. | B4: Медицинская валидация текстов (показания, противопоказания, реабилитация) выполняется профильными врачами Заказчика. Сроки согласования не входят в 25 рабочих дней.
A5: 2. | B5: Фотоматериалы врачей, копии лицензий и актуальный прайс-лист предоставляет Заказчик.
A6: 3. | B6: Доступ к административной панели 1С-Битрикс, GitHub-репозиторию и тестовому контуру предоставляется в течение 3 рабочих дней с даты начала работ.
A7: 4. | B7: В стоимость включены 2 раунда правок на этапах копирайтинга, прототипирования и дизайна. Последующие правки оплачиваются по ставке соответствующего этапа.
A8: 5. | B8: Отзывы пациентов, размещаемые на страницах, предоставляются Заказчиком с письменным согласием пациентов. Тексты отзывов в прототипах носят демонстрационный характер.
A9: 6. | B9: На всех версиях размещается предупреждение о наличии противопоказаний и необходимости консультации специалиста (ФЗ «О рекламе», ст. 24).
A10: 7. | B10: Лицензии Яндекс.Метрики и сервиса коллтрекинга оформлены на Заказчика.
A11: 8. | B11: Размещение осуществляется на инфраструктуре Заказчика на территории РФ в соответствии с ФЗ № 152-ФЗ «О персональных данных».
A13: Не входит в стоимость
A14: 1. | B14: Закупка платного трафика для проведения A/B-теста.
A15: 2. | B15: Приобретение и продление лицензий 1С-Битрикс, Яндекс.Метрики, сервисов коллтрекинга.
A16: 3. | B16: Работы по остальным доменам и субдоменам из Приложения 1.
A17: 4. | B17: Профессиональная фото- и видеосъёмка.
A18: 5. | B18: Разработка страниц по темам, отличным от «Эндопротезирование суставов».
